epoch,train_loss,val_loss,train_delta,val_delta,current_lr
1,0.492982592433691,0.43732422962784767,0.0,0.0,7.595000000000008e-05
2,0.4303295566615733,0.4301328420639038,-0.06265303577211773,-0.007191387563943885,0.0001509000000000003
3,0.4285395003177903,0.4307812713086605,-0.0017900563437829864,0.0006484292447567208,0.00022584999999999974
4,0.42794796197929164,0.430221688747406,-0.0005915383384986761,-0.0005595825612544902,0.0003007999999999991
5,0.4277196779677814,0.42876736596226694,-0.00022828401151026023,-0.0014543227851390728,0.0003757499999999979
6,0.4278060697357763,0.4286074906587601,8.639176799490889e-05,-0.0001598753035068623,0.00045069999999999605
7,0.4253952568396926,0.4274206668138504,-0.0024108128960836916,-0.0011868238449097013,0.0005256499999999948
8,0.42322166966782376,0.42288634181022644,-0.0021735871718688293,-0.00453432500362394,0.0006005999999999942
9,0.41633284523744474,0.41388940885663034,-0.006888824430379026,-0.008996932953596104,0.0006755499999999896
10,0.4081947127865119,0.40981926023960114,-0.008138132450932811,-0.004070148617029201,0.0007504999999999864
11,0.40092857960950246,0.3998632624745369,-0.007266133177009471,-0.009955997765064228,0.0008254499999999825
12,0.39672120626677165,0.39683314189314844,-0.0042073733427308024,-0.0030301205813884624,0.0009003999999999808
13,0.39375126819041645,0.3943943701684475,-0.0029699380763552052,-0.002438771724700972,0.000975349999999977
14,0.39165102935988794,0.39194017872214315,-0.0021002388305285113,-0.0024541914463043213,0.0010502999999999758
15,0.39100168518383394,0.3932257004082203,-0.0006493441760540009,0.0012855216860771512,0.0011252499999999726
16,0.3897747504101558,0.390319961309433,-0.0012269347736781344,-0.00290573909878733,0.001200199999999968
17,0.388682816600935,0.3905906081199646,-0.0010919338092207909,0.0002706468105316273,0.001275149999999959
18,0.3878366155549884,0.390333092212677,-0.0008462010459466263,-0.00025751590728761986,0.0013500999999999526
19,0.38701571947471664,0.38903708308935164,-0.0008208960802717491,-0.0012960091233253368,0.0014250499999999436
20,0.3864574071697213,0.3867476671934128,-0.000558312304995312,-0.00228941589593884,0.0015
21,0.3855518820610913,0.3868567064404488,-0.000905525108630012,0.00010903924703598022,0.0014999939207277298
22,0.38461040442978794,0.38625776395201683,-0.0009414776313033668,-0.0005989424884319527,0.0014999756830095371
23,0.38394557870924473,0.3853681765496731,-0.0006648257205432162,-0.0008895874023437389,0.001499945287141282
24,0.3832604388113726,0.38459021002054217,-0.0006851398978721113,-0.0007779665291309246,0.001499902733616047
25,0.38251786230301316,0.3837601341307163,-0.0007425765083594604,-0.0008300758898258653,0.0014998480231241454
26,0.38199420527301053,0.3835086107254028,-0.0005236570300026222,-0.0002515234053134807,0.0014997811565531061
27,0.3814413504336368,0.38334258273243904,-0.0005528548393737287,-0.0001660279929637798,0.001499702134987651
28,0.3810487740080465,0.38286097422242166,-0.0003925764255903186,-0.0004816085100173839,0.0014996109597096802
29,0.38073791859840805,0.38187247067689895,-0.00031085540963843306,-0.000988503545522712,0.001499507632198262
30,0.3802258441732688,0.3821346819400787,-0.0005120744251392306,0.00026221126317976795,0.0014993921541295934
31,0.38009963353926485,0.3819200746715069,-0.00012621063400397592,-0.00021460726857180923,0.0014992645273769869
32,0.3797146008265289,0.38113677576184274,-0.0003850327127359332,-0.0007832989096641652,0.001499124754010831
33,0.37944050700488413,0.381074932217598,-0.000274093821644783,-6.184354424476624e-05,0.0014989728362985561
34,0.3791663935407996,0.3810334697365761,-0.0002741134640845133,-4.1462481021881104e-05,0.0014988087767046025
35,0.3789075846699151,0.3805555887520313,-0.0002588088708845304,-0.00047788098454476513,0.0014986325778903794
36,0.3787888235158541,0.3805319778621197,-0.00011876115406100896,-2.361088991165161e-05,0.0014984442427142218
37,0.3783997952599417,0.38033436611294746,-0.00038902825591236034,-0.0001976117491722107,0.0014982437742313377
38,0.37838637397031893,0.37995955124497416,-1.3421289622783661e-05,-0.00037481486797330543,0.0014980311756937746
39,0.3780950444157828,0.3797101370990276,-0.00029132955453614606,-0.000249414145946536,0.0014978064505503479
40,0.37812003010714595,0.3796419143676758,2.4985691363166307e-05,-6.822273135181911e-05,0.001497569602446595
41,0.3777429712936282,0.3793504863977432,-0.00037705881351773884,-0.00029142796993258946,0.0014973206352247139
42,0.37767594087530265,0.379415699839592,-6.703041832556433e-05,6.521344184878819e-05,0.0014970595529235063
43,0.37751695776188915,0.38040208369493483,-0.00015898311341350224,0.0009863838553428317,0.0014967863597782967
44,0.3773463922129436,0.37916094735264777,-0.00017056554894556708,-0.0012411363422870636,0.0014965010602208846
45,0.3772118587724187,0.379262475669384,-0.00013453344052488658,0.00010152831673621021,0.0014962036588794588
46,0.37709780951792543,0.37888029366731646,-0.00011404925449326475,-0.0003821820020675215,0.001495894160578526
47,0.37695102198896085,0.3792147785425186,-0.00014678752896457592,0.00033448487520215675,0.0014955725703388327
48,0.3768913551149043,0.37872902005910875,-5.9666874056563124e-05,-0.0004857584834098705,0.0014952388933772796
49,0.37681064348329196,0.37839832082390784,-8.071163161232908e-05,-0.00033069923520090416,0.001494893135106846
50,0.3766124722632495,0.37876876890659333,-0.00019817122004245347,0.0003704480826854928,0.001494535301136493
51,0.3764977246861566,0.3784154921770096,-0.00011474757709289962,-0.00035327672958374023,0.0014941653972710804
52,0.37644568881527946,0.37842743620276453,-5.2035870877154e-05,1.1944025754939691e-05,0.0014937834295112638
53,0.3763307375325398,0.37837128713727,-0.00011495128273963928,-5.614906549455956e-05,0.0014933894040534046
54,0.37641931359063496,0.37807671949267385,8.857605809514668e-05,-0.00029456764459612206,0.0014929833272894618
55,0.3762811686504971,0.3780744731426239,-0.00013814494013786316,-2.246350049972534e-06,0.001492565205806899
56,0.3761985683813691,0.3779698133468628,-8.26002691279859e-05,-0.00010465979576107509,0.0014921350463885678
57,0.3761382040313699,0.3780273512005806,-6.036434999923124e-05,5.753785371781506e-05,0.0014916928560126054
58,0.3760620119388808,0.3780484363436699,-7.619209248910241e-05,2.1085143089294434e-05,0.0014912386418523187
59,0.3759065754711628,0.37779407352209093,-0.00015543646771798425,-0.0002543628215789795,0.0014907724112760616
60,0.3758712077344006,0.37789461836218835,-3.536773676221516e-05,0.00010054484009741627,0.001490294171847122
61,0.3757650659165599,0.37770752534270285,-0.0001061418178406881,-0.00018709301948549584,0.001489803931323599
62,0.37563045356761326,0.3775357842445374,-0.00013461234894662777,-0.00017174109816547878,0.0014893016976582785
63,0.3755876436321573,0.3776894174516201,-4.280993545596745e-05,0.0001536332070827262,0.0014887874789984968
64,0.3755379222672094,0.37755478248000146,-4.97213649479078e-05,-0.00013463497161864124,0.001488261283686018
65,0.3754893083294684,0.3789768278598785,-4.8613937740971114e-05,0.0014220453798770571,0.001487723120256887
66,0.37557261750440707,0.37749474570155145,8.330917493865053e-05,-0.0014820821583270694,0.0014871729974413068
67,0.3752642764963887,0.37747615203261375,-0.0003083410080183535,-1.8593668937694208e-05,0.001486610924163485
68,0.3753351222893054,0.3772603765130043,7.084579291666282e-05,-0.0002157755196094402,0.0014860369095414908
69,0.3753498602150516,0.37740388587117196,1.473792574624433e-05,0.00014350935816764832,0.0014854509628871076
70,0.3752162059430372,0.377587628364563,-0.00013365427201444957,0.000183742493391037,0.0014848530937056803
71,0.37521244602447207,0.377114599198103,-3.759918565104936e-06,-0.00047302916646002613,0.0014842433116959697
72,0.37513139767741616,0.37719451189041137,-8.104834705591202e-05,7.99126923083926e-05,0.001483621626749988
73,0.37502449928698217,0.37697828039526937,-0.00010689839043398486,-0.00021623149514199413,0.0014829880489528333
74,0.3749925893816081,0.37689747512340543,-3.190990537405014e-05,-8.080527186393738e-05,0.00148234258858254
75,0.37502935105426743,0.37675987333059313,3.6761672659313405e-05,-0.000137601792812303,0.0014816852561098976
76,0.3748891326514157,0.37707982435822485,-0.0001402184028517217,0.00031995102763171523,0.00148101606219829
77,0.37505970759825275,0.37702033296227455,0.00017057494683703212,-5.949139595029518e-05,0.0014803350177035228
78,0.37489707285368984,0.37716076523065567,-0.00016263474456290616,0.00014043226838111877,0.0014796421336736385
79,0.3748940779742869,0.3767355240881443,-2.9948794029177606e-06,-0.0004252411425113567,0.0014789374213487433
80,0.3747546998783946,0.3766776293516159,-0.00013937809589231742,-5.7894736528396606e-05,0.0014782208921608289
81,0.3747324360195886,0.37690298110246656,-2.226385880599313e-05,0.00022535175085064418,0.0014774925577335806
82,0.37465714544735174,0.37675237059593203,-7.529057223687463e-05,-0.000150610506534532,0.0014767524298821913
83,0.37466619959609077,0.3768185071647167,9.054148739029433e-06,6.613656878468044e-05,0.0014760005206131681
84,0.3746079175987027,0.3767640940845013,-5.8281997388054396e-05,-5.4413080215420795e-05,0.001475236842124141
85,0.3745230112055486,0.37676937952637674,-8.490639315411608e-05,5.2854418754466614e-06,0.0014744614068036572
86,0.374580039981414,0.3766546718776226,5.702877586538646e-05,-0.00011470764875415318,0.0014736742272309922
87,0.3744937901131131,0.3767512544989586,-8.624986830085835e-05,9.658262133599438e-05,0.0014728753161759377
88,0.374530703083358,0.376684632897377,3.691297024488449e-05,-6.662160158155128e-05,0.0014720646865985913
89,0.37439722948792303,0.3764677464962006,-0.00013347359543497417,-0.00021688640117645264,0.0014712423516491523
90,0.3746905289590359,0.3766025103628635,0.00029329947111284005,0.00013476386666294582,0.001470408324667715
91,0.37448373673991725,0.3768155924975872,-0.00020679221911862333,0.00021308213472370774,0.0014695626191840367
92,0.3743023479526693,0.37640448585152625,-0.00018138878724793805,-0.0004111066460609769,0.001468705248917323
93,0.3742669982496988,0.37687378078699113,-3.534970297053297e-05,0.0004692949354648812,0.0014678362277760156
94,0.37439205074174836,0.376710033416748,0.00012505249204958213,-0.00016374737024310582,0.0014669555698575555
95,0.37419142811135814,0.3771552339196205,-0.00020062263039022366,0.00044520050287250035,0.0014660632894481582
96,0.37418645222417335,0.3766014397144318,-4.9758871847882524e-06,-0.0005537942051887512,0.0014651594010225795
97,0.3742674184455113,0.376532045006752,8.09662213379636e-05,-6.939470767974854e-05,0.0014642439192438864
98,0.37412776916541834,0.37637820467352867,-0.0001396492800929683,-0.000153840333223354,0.0014633168589632164
99,0.37416416101834993,0.3767395168542862,3.63918529315832e-05,0.0003613121807575226,0.0014623782352195332
100,0.3742163291370327,0.37817805260419846,5.21681186827494e-05,0.001438535749912262,0.0014614280632393886
101,0.37417944613844156,0.3762089304625988,-3.6882998591114546e-05,-0.0019691221415996663,0.0014604663584366641
102,0.37402388419617305,0.3765545688569546,-0.00015556194226851172,0.00034563839435580723,0.0014594931364123346
103,0.3741006360135295,0.37609845995903013,7.675181735644632e-05,-0.0004561088979244676,0.0014585084129542104
104,0.373993037099188,0.3761841841042042,-0.00010759891434147795,8.57241451740487e-05,0.001457512204036682
105,0.3740876820785078,0.3768576391041279,9.464497931976901e-05,0.0006734549999237172,0.001456504525820459
106,0.37397086197002366,0.37614645063877106,-0.00011682010848412805,-0.0007111884653568379,0.0014554853946522996
107,0.37392603809183295,0.3762368731200695,-4.4823878190713984e-05,9.042248129842445e-05,0.0014544548270647682
108,0.37390243812379514,0.37619510143995283,-2.3599968037801844e-05,-4.177168011665344e-05,0.0014534128397759446
109,0.3738957629962401,0.3760157644748688,-6.675127555033633e-06,-0.00017933696508404262,0.0014523594496891582
110,0.3737928935919296,0.37633838728070257,-0.00010286940431053493,0.0003226228058337832,0.0014512946738927273
111,0.3737349058078094,0.37636124566197393,-5.7987784120194785e-05,2.2858381271362305e-05,0.0014502185296596626
112,0.3737720953808589,0.37611663416028024,3.718957304954529e-05,-0.0002446115016936923,0.0014491310344474
113,0.3738391470502723,0.37634078189730646,6.705166941339824e-05,0.0002241477370262257,0.001448032205897516
114,0.3738526694307273,0.3762786783277988,1.352238045498888e-05,-6.210356950764329e-05,0.0014469220618354265
115,0.37376157770102675,0.3760423310101032,-9.109172970056534e-05,-0.00023634731769561768,0.0014458006202701255
116,0.37373185835101386,0.3762692801654339,-2.9719350012891166e-05,0.00022694915533066906,0.0014446678993938688
117,0.373767789199271,0.3760361522436142,3.593084825714854e-05,-0.0002331279218196758,0.0014435239175818924
118,0.3736912612379952,0.3760300949215889,-7.652796127582961e-05,-6.057322025299072e-06,0.0014423686933921005
119,0.3735824569382451,0.3761015564203262,-0.000108804299750076,7.14614987373241e-05,0.0014412022455647868
120,0.3737017541107806,0.37595882043242457,0.00011929717253550409,-0.00014273598790165432,0.0014400245930223062
121,0.3736619619144635,0.3758511632680893,-3.979219631711217e-05,-0.00010765716433525085,0.0014388357548687847
122,0.37360302612862806,0.3762510970234871,-5.893578583543446e-05,0.0003999337553977633,0.0014376357503897963
123,0.3736118081618439,0.37597046718001365,8.782033215859464e-06,-0.00028062984347343445,0.0014364245990520687
124,0.37377990562130103,0.3758847273886204,0.00016809745945711718,-8.573979139325782e-05,0.0014352023205031503
125,0.3735514593903314,0.3759365975856781,-0.00022844623096962557,5.18701970577129e-05,0.0014339689345710944
126,0.3735063529827378,0.37598677054047586,-4.510640759358697e-05,5.017295479775585e-05,0.0014327244612641426
127,0.37353175336664374,0.3759949132800102,2.5400383905915813e-05,8.14273953436695e-06,0.0014314689207704013
128,0.3734939886595715,0.37585241347551346,-3.7764707072229786e-05,-0.00014249980449676514,0.0014302023334575086
129,0.3735275275327943,0.37614011615514753,3.353887322277149e-05,0.00028770267963407203,0.0014289247198723044
130,0.37350930442864244,0.37582064121961595,-1.82231041518377e-05,-0.0003194749355315829,0.0014276361007405057
131,0.3735152246769179,0.3760949864983559,5.920248275448348e-06,0.0002743452787399292,0.0014263364969663564
132,0.3734271520410072,0.3758403182029724,-8.807263591070758e-05,-0.00025466829538345337,0.0014250259296323012
133,0.3735135079954158,0.37611194476485255,8.635595440864563e-05,0.0002716265618801228,0.0014237044199986314
134,0.37343596446920524,0.3759473919868469,-7.754352621058835e-05,-0.00016455277800564438,0.0014223719895031543
135,0.37338123292746866,0.37603054866194724,-5.4731541736574574e-05,8.315667510033764e-05,0.0014210286597608327
136,0.3733610375361009,0.37627124786376953,-2.0195391367772153e-05,0.00024069920182229199,0.001419674452563439
137,0.37342719530517404,0.37611621618270874,6.615776907314963e-05,-0.00015503168106079102,0.0014183093898792038
138,0.37328470896252175,0.37556991800665857,-0.00014248634265229265,-0.0005462981760501751,0.0014169334938524613
139,0.3733844558962367,0.37571270316839217,9.974693371495036e-05,0.00014278516173360511,0.0014155467868032805
140,0.37339811052449723,0.37539494037628174,1.3654628260528767e-05,-0.000317762792110432,0.0014141492912271066
141,0.373320228674195,0.3757990889251232,-7.788185030221939e-05,0.00040414854884146534,0.0014127410297944051
142,0.37330543757839635,0.3758160598576069,-1.479109579866078e-05,1.6970932483706402e-05,0.0014113220253502861
143,0.37323374775323,0.3758799314498901,-7.168982516636557e-05,6.38715922832156e-05,0.0014098923009141372
144,0.37326562336900015,0.37589584216475486,3.187561577017162e-05,1.5910714864730835e-05,0.0014084518796792414
145,0.3731599413705143,0.3758107267320156,-0.00010568199848587367,-8.511543273925781e-05,0.0014070007850124095
146,0.3732483412393115,0.37706812769174575,8.839986879721762e-05,0.0012574009597301483,0.0014055390404536041
147,0.3733372762799263,0.37561802193522453,8.893504061480151e-05,-0.0014501057565212139,0.0014040666697155437
148,0.37321148804304277,0.37575009241700175,-0.00012578823688352836,0.00013207048177721337,0.0014025836966833352
149,0.3731533191590147,0.37576461434364317,-5.8168884028098056e-05,1.4521926641419824e-05,0.0014010901454140773
150,0.3730892740528692,0.37554515451192855,-6.404510614549386e-05,-0.00021945983171461902,0.0013995860401364636
151,0.3732833057133989,0.3756654694676399,0.00019403166052972542,0.00012031495571135364,0.001398071405250407
152,0.3731488050384955,0.37581911459565165,-0.0001345006749033928,0.0001536451280117479,0.0013965462653266266
153,0.37318409589881246,0.37571787759661673,3.5290860316949946e-05,-0.0001012369990349149,0.0013950106451062576
154,0.3731644124808637,0.3755387760698795,-1.9683417948779258e-05,-0.00017910152673722424,0.0013934645695004523
155,0.37308438190005044,0.375521370023489,-8.003058081323955e-05,-1.740604639050014e-05,0.0013919080635899684
156,0.37307404904541647,0.3756677061319351,-1.0332854633976485e-05,0.00014633610844611011,0.0013903411526247674
157,0.37309906987304037,0.37558855265378954,2.5020827623900566e-05,-7.915347814557716e-05,0.001388763862023605
158,0.37314720722762024,0.37563526183366774,4.813735457986912e-05,4.6709179878201557e-05,0.0013871762173736158
159,0.37309516458348796,0.3753440029919147,-5.204264413227744e-05,-0.0002912588417530171,0.001385578244429897
160,0.37302219681441784,0.37593585848808286,-7.296776907012026e-05,0.0005918554961681366,0.0013839699691151064
161,0.37305803021246736,0.37565080597996714,3.58333980495229e-05,-0.000285052508115724,0.0013823514175190154
162,0.3729669063098051,0.37559866681694987,-9.112390266224901e-05,-5.213916301727295e-05,0.0013807226158981027
163,0.3730058443986557,0.3756778724491596,3.893808885058192e-05,7.920563220975563e-05,0.0013790835906751261
164,0.37299770963462914,0.37555918619036677,-8.134764026557217e-06,-0.00011868625879285499,0.0013774343684386959
165,0.37306855559687724,0.37630169838666916,7.084596224810058e-05,0.0007425121963023917,0.0013757749759428384
166,0.37292002217674797,0.3755561612546444,-0.00014853342012927095,-0.0007455371320247428,0.0013741054401065582
167,0.3729357866739685,0.37598319426178933,1.5764497220516205e-05,0.0004270330071449169,0.0013724257880134135
168,0.37297081312333996,0.37555131167173383,3.502644937147803e-05,-0.000431882590055499,0.00137073604691107
169,0.37290662637149746,0.3755404993891716,-6.418675184249878e-05,-1.0812282562222553e-05,0.001369036244210859
170,0.37295595006170595,0.37570850774645803,4.932369020849148e-05,0.00016800835728641994,0.001367326407487333
171,0.3729292484508319,0.37556645944714545,-2.6701610874035886e-05,-0.00014204829931258045,0.001365606564477816
172,0.37289302474395797,0.37566549703478813,-3.622370687395016e-05,9.903758764268078e-05,0.0013638767430819599
173,0.3728118057108738,0.37575981169939043,-8.121903308416778e-05,9.431466460230187e-05,0.0013621369713612838
174,0.3728146342221986,0.37541977912187574,2.8285113248260885e-06,-0.00034003257751469285,0.0013603872775387314
175,0.3728173729032278,0.37520924359560015,2.7386810291796237e-06,-0.00021053552627559036,0.0013586276899981915
176,0.37283828905360267,0.37565291598439216,2.0916150374861164e-05,0.00044367238879200466,0.0013568582372840605
177,0.37279923946004023,0.3753245875239372,-3.904959356243465e-05,-0.0003283284604549408,0.0013550789481007724
178,0.3727830791507255,0.3753742605447769,-1.6160309314727783e-05,4.967302083969116e-05,0.001353289851312322
179,0.37275884122672404,0.3753813661634922,-2.4237924001468958e-05,7.105618715308459e-06,0.0013514909759418064
180,0.3727382727136666,0.3762653827667236,-2.056851305742846e-05,0.0008840166032313967,0.0013496823511709585
181,0.37279462264004076,0.37541529461741446,5.6349926374155146e-05,-0.0008500881493091472,0.001347864006339664
182,0.3727527883919803,0.37534963637590407,-4.183424806047942e-05,-6.565824151039124e-05,0.0013460359709454896
183,0.37279207665811886,0.375230734795332,3.928826613858183e-05,-0.00011890158057209499,0.0013441982746432064
184,0.37272422142665496,0.37542288303375243,-6.785523146390915e-05,0.00019214823842045314,0.001342350947244306
185,0.372708592987196,0.3756797894835472,-1.5628439458958976e-05,0.0002569064497947582,0.0013404940187165125
186,0.37269915276291693,0.3753259152173996,-9.440224279066989e-06,-0.0003538742661475802,0.0013386275191833096
187,0.37265323458070104,0.3751904085278511,-4.591818221588717e-05,-0.00013550668954848133,0.0013367514789234386
188,0.3726574547419494,0.37515647113323214,4.220161248347232e-06,-3.393739461898804e-05,0.0013348659283704135
189,0.3726433937183835,0.37531319409608843,-1.4061023565881126e-05,0.00015672296285629272,0.0013329708981120274
190,0.37265175741843204,0.3753651700913906,8.363700048530376e-06,5.197599530215591e-05,0.0013310664188898524
191,0.3725995251231573,0.37596812546253205,-5.22322952747345e-05,0.000602955371141467,0.0013291525215987506
192,0.3726376479660923,0.3750991091132164,3.812284293497337e-05,-0.0008690163493156322,0.0013272292372863577
193,0.37258212666281243,0.3754826098680496,-5.55213032798485e-05,0.000383500754833177,0.0013252965971525918
194,0.37252862946215,0.375365374982357,-5.3497200662444566e-05,-0.00011723488569259644,0.0013233546325491414
195,0.3725921265272932,0.3753750093281269,6.349706514319209e-05,9.634345769893304e-06,0.0013214033749789566
196,0.37257131697102025,0.37516515851020815,-2.0809556272927132e-05,-0.00020985081791874416,0.00131944285609575
197,0.37251884261654183,0.3750921696424484,-5.247435447841564e-05,-7.2988867759749e-05,0.0013174731077034612
198,0.3725464186546477,0.37537416741251944,2.757603810588094e-05,0.00028199777007104077,0.0013154941617557554
199,0.3725563306361437,0.3752040885388851,9.911981495969169e-06,-0.00017007887363434948,0.0013135060503555054
200,0.3724678198552944,0.37508853897452354,-8.851078084926023e-05,-0.00011554956436155006,0.0013115088057542687
201,0.3724952500144189,0.37514176219701767,2.743015912448632e-05,5.3223222494125366e-05,0.0013095024603517601
202,0.37245629566975613,0.3754613257944584,-3.895434466277825e-05,0.0003195635974407307,0.001307487046695332
203,0.3724300987510519,0.3752517431974411,-2.6196918704257666e-05,-0.0002095825970173104,0.0013054625974794462
204,0.3725055646659298,0.37545077949762345,7.546591487794796e-05,0.00019903630018236473,0.0013034291455451326
205,0.37242809242822905,0.3751247860491276,-7.747223770077083e-05,-0.00032599344849587597,0.0013013867238794732
206,0.3725022943690419,0.375237125903368,7.420194081286802e-05,0.00011233985424041748,0.0012993353656150547
207,0.37236778336492454,0.3750386595726013,-0.00013451100411737693,-0.00019846633076670006,0.0012972751040294392
208,0.37243122268806805,0.375138471275568,6.343932314351042e-05,9.981170296669006e-05,0.001295205972544617
209,0.3723980164663358,0.3751144915819168,-3.320622173225152e-05,-2.397969365119934e-05,0.0012931280047264653
210,0.37239406452598894,0.3756688803434372,-3.951940346857974e-06,0.000554388761520419,0.00129104123428421
211,0.37249979766255076,0.37519401758909227,0.00010573313656181416,-0.0004748627543449402,0.001288945695069879
212,0.372359410436316,0.3750545263290405,-0.00014038722623477273,-0.0001394912600517495,0.0012868414210777388
213,0.3723614877089858,0.3752062477171421,2.0772726698203847e-06,0.00015172138810159996,0.0012847284464437604
214,0.3724168758331375,0.37517971694469454,5.5388124151678486e-05,-2.6530772447574957e-05,0.0012826068054450608
215,0.37229819959876215,0.3756081312894821,-0.0001186762343753367,0.00042841434478757545,0.0012804765324993367
216,0.3723777945746075,0.376027438044548,7.959497584536512e-05,0.00041930675506590687,0.00127833766216432
217,0.37233703007752245,0.37508146911859513,-4.076449708506624e-05,-0.0009459689259528892,0.0012761902291372074
218,0.3723541825840419,0.37536813840270045,1.7152506519457766e-05,0.000286669284105312,0.0012740342682541009
219,0.3723411114717072,0.37524612843990324,-1.3071112334728241e-05,-0.00012200996279720933,0.0012718698144894485
220,0.3723594316874038,0.3753217585384846,1.8320215696643327e-05,7.56300985813585e-05,0.0012696969029554696
221,0.37217971504750574,0.3750591740012169,-0.0001797166398980754,-0.00026258453726768494,0.0012675155689015802
222,0.37229469181461766,0.37505888864398,0.0001149767671119184,-2.853572368954893e-07,0.0012653258477138404
223,0.37223776429891586,0.3750030815601349,-5.692751570179899e-05,-5.5807083845116345e-05,0.0012631277749143568
224,0.3722134819254279,0.37518580108880994,-2.428237348794937e-05,0.00018271952867504604,0.0012609213861607272
225,0.3722241636873646,0.375329327583313,1.068176193669279e-05,0.00014352649450305455,0.0012587067172454473
226,0.37217479376969015,0.37526906877756117,-4.936991767445775e-05,-6.0258805751833844e-05,0.001256483804095333
227,0.3722151163118807,0.3750801391899586,4.032254219055176e-05,-0.00018892958760258205,0.0012542526827709418
228,0.37220066718079825,0.3750127017498016,-1.4449131082450162e-05,-6.743744015696995e-05,0.0012520133894659907
229,0.37215233306315815,0.3751956209540367,-4.833411764010309e-05,0.0001829192042350769,0.0012497659605067572
230,0.37215160942551767,0.3753334812819958,-7.236376404762268e-07,0.00013786032795909398,0.0012475104323515025
231,0.3721230087632483,0.3753418378531933,-2.8600662269395727e-05,8.356571197520868e-06,0.0012452468415898722
232,0.3722002971070734,0.37498635426163673,7.728834382514371e-05,-0.0003554835915565713,0.001242975224942305
233,0.37213931258090516,0.37549270763993264,-6.098452616826178e-05,0.0005063533782959095,0.0012406956192594373
234,0.3721364399587566,0.3751729100942612,-2.8726221485420034e-06,-0.000319797545671463,0.0012384080615215022
235,0.3721132314848629,0.37489672750234604,-2.3208473893698844e-05,-0.0002761825919151417,0.0012361125888377387
236,0.3721011116762053,0.37504595443606376,-1.211980865761797e-05,0.00014922693371771656,0.0012338092384457868
237,0.3720486343584277,0.37481115758419037,-5.247731777757725e-05,-0.00023479685187338672,0.001231498047711068
238,0.37206878259100695,0.3747420161962509,2.0148232579231262e-05,-6.914138793945312e-05,0.0012291790541261983
239,0.3720575091005726,0.3749565303325653,-1.1273490434338118e-05,0.0002145141363144032,0.0012268522953103715
240,0.3720677772706205,0.3752110652625561,1.026817004790015e-05,0.00025453492999077953,0.001224517809008757
241,0.37203825426033954,0.3750203289091587,-2.9523010280974038e-05,-0.0001907363533973916,0.0012221756330918763
242,0.37204692436551506,0.37502283826470373,8.670105175523357e-06,2.509355545021741e-06,0.0012198258055549885
243,0.3722749669951471,0.3755593575537205,0.00022804262963205257,0.000536519289016768,0.0012174683645174852
244,0.3720584841106426,0.37496557757258414,-0.000216482884504543,-0.0005937799811363553,0.0012151033482222678
245,0.3720106016844511,0.375169663131237,-4.7882426191470095e-05,0.0002040855586528667,0.0012127307950351152
246,0.371938462623141,0.37571970000863075,-7.213906131009473e-05,0.0005500368773937447,0.0012103507434440817
247,0.37196679946712474,0.3750725470483303,2.8336843983733928e-05,-0.0006471529603004345,0.0012079632320588566
248,0.3719397019594908,0.37492155507206915,-2.7097507633966345e-05,-0.00015099197626117222,0.0012055682996101416
249,0.3719352873211557,0.37502481341362,-4.4146383350596174e-06,0.00010325834155083813,0.0012031659849490379
250,0.3719487357037989,0.37518380880355834,1.344838264316639e-05,0.0001589953899383545,0.0012007563270463872
251,0.3720024512572722,0.37512508779764175,5.3715553473332456e-05,-5.872100591658436e-05,0.0011983393649921581
252,0.37192785807631235,0.3751239232718945,-7.459318095986989e-05,-1.1645257472769899e-06,0.0011959151379948095
253,0.37191927119750867,0.3749531418085098,-8.586878803673592e-06,-0.0001707814633846727,0.0011934836853806574
254,0.37195955199951475,0.3747669219970703,4.028080200607631e-05,-0.00018621981143951416,0.0011910450465932307
255,0.371909834952517,0.3750211611390114,-4.971704699774371e-05,0.00025423914194111497,0.0011885992611926342
256,0.37183601316064596,0.3748309209942818,-7.382179187104265e-05,-0.00019024014472962536,0.0011861463688549025
257,0.37186582098630344,0.3748783178627491,2.9807825657479636e-05,4.739686846733093e-05,0.0011836864093713693
258,0.3718868021599271,0.3748472571372986,2.0981173623646487e-05,-3.1060725450504645e-05,0.001181219422648006
259,0.37187529482286086,0.37514385730028155,-1.1507337066229972e-05,0.0002966001629829407,0.001178745448704785
260,0.3720111112025651,0.37481734678149226,0.00013581637970422333,-0.0003265105187892914,0.0011762645276750209
261,0.3718388638543812,0.3750064171850681,-0.00017224734818388487,0.0001890704035758528,0.001173776699804732
262,0.37183122150599957,0.37475911229848863,-7.642348381631248e-06,-0.00024730488657948024,0.001171282005451979
263,0.3718839312310923,0.3749197870492935,5.270972509274774e-05,0.00016067475080489002,0.0011687804850862096
264,0.3717560836706649,0.3750427752733231,-0.00012784756042738543,0.00012298822402956322,0.0011662721792876066
265,0.3718289913270961,0.37479022443294524,7.290765643119812e-05,-0.0002525508403778409,0.0011637571287464264
266,0.371785534884442,0.374921003729105,-4.345644265413284e-05,0.00013077929615973316,0.0011612353742623414
267,0.37179257356646384,0.37483776956796644,7.038682021842657e-06,-8.323416113853455e-05,0.0011587069567437812
268,0.37179343156855216,0.3748655289411545,8.580020883219852e-07,2.7759373188052106e-05,0.0011561719172072562
269,0.37168878731741145,0.3747704677283764,-0.00010464425114070641,-9.506121277808033e-05,0.0011536302967766997
270,0.3717286160893061,0.3753611363470554,3.9828771894623305e-05,0.0005906686186790133,0.0011510821366828075
271,0.37172500941563735,0.37505248710513117,-3.6066736687212497e-06,-0.0003086492419242526,0.0011485274782623634
272,0.3716782549904151,0.3749402716755867,-4.67544252222285e-05,-0.00011221542954448216,0.0011459663629575672
273,0.37172754879363556,0.3749668672680855,4.929380322044041e-05,2.65955924987904e-05,0.001143398832315362
274,0.37168562844056974,0.374693987518549,-4.192035306582742e-05,-0.0002728797495364921,0.0011408249279867611
275,0.3716802123764699,0.37477364018559456,-5.416064099816875e-06,7.965266704557106e-05,0.001138244691726177
276,0.3716861222955314,0.3751159764826298,5.909919061464208e-06,0.0003423362970352284,0.001135658165390735
277,0.37164196549830114,0.3747421935200691,-4.415679723024368e-05,-0.000373782962560687,0.0011330653909396055
278,0.37160237607630814,0.3746549405157566,-3.958942199300264e-05,-8.725300431250416e-05,0.0011304664104333118
279,0.37163230548189446,0.37495521605014803,2.9929405586326396e-05,0.0003002755343914365,0.0011278612660330525
280,0.37161117588931863,0.37483246698975564,-2.1129592575830358e-05,-0.00012274906039239086,0.0011252500000000264
281,0.37156757043505256,0.37498900219798087,-4.360545426607132e-05,0.00015653520822522804,0.0011226326546947283
282,0.3716033744541081,0.37482045143842696,3.5804019055563074e-05,-0.0001685507595539093,0.00112000927257628
283,0.371524865061722,0.3747152857482433,-7.850939238612797e-05,-0.00010516569018365063,0.001117379896201727
284,0.37163686007261276,0.3747545875608921,0.00011199501089076414,3.930181264877319e-05,0.001114744568225362
285,0.37154038631441916,0.37481653690338135,-9.647375819360482e-05,6.194934248926476e-05,0.0011121033313980203
286,0.3715151727030223,0.3787628561258316,-2.521361139684597e-05,0.003946319222450256,0.001109456228566391
287,0.37158505457707425,0.3748616769909859,6.98818740519358e-05,-0.0039011791348457225,0.001106803302672334
288,0.37155778773806314,0.3746647544205189,-2.72668390111086e-05,-0.00019692257046699524,0.0011041445967521564
289,0.3715734055096453,0.37477111741900443,1.5617771582154827e-05,0.00010636299848554298,0.0011014801539359423
290,0.3715850683775815,0.374684027582407,1.1662867936190757e-05,-8.708983659744263e-05,0.001098810017446833
291,0.3715148585933176,0.37505470737814905,-7.020978426386382e-05,0.0003706797957420682,0.0010961342306003352
292,0.37143414018845017,0.37474621534347535,-8.071840486745252e-05,-0.0003084920346737019,0.001093452836803621
293,0.3714578654617071,0.3747286908328533,2.3725273256947066e-05,-1.752451062203564e-05,0.0010907658795548166
294,0.37147134415466676,0.3747569523751736,1.3478692959645322e-05,2.826154232027367e-05,0.0010880734024422993
295,0.37160346741703426,0.37490166500210764,0.0001321232623675006,0.00014471262693405151,0.0010853754491439956
296,0.3714062585072084,0.3747528299689293,-0.00019720890982588557,-0.00014883503317836277,0.0010826720634266583
297,0.371440698731352,0.3749636381864548,3.4440224143617026e-05,0.00021080821752550438,0.0010799632891451733
298,0.37142855961891735,0.37459237352013586,-1.2139112434639276e-05,-0.00037126466631892674,0.0010772491702418377
299,0.37139530750838196,0.37502613961696624,-3.325211053539778e-05,0.00043376609683037914,0.0010745297507456552
300,0.3714009500531988,0.37478877753019335,5.642544816830686e-06,-0.0002373620867728854,0.001071805074771613
301,0.3713920773430304,0.3749017983675003,-8.872710168361664e-06,0.00011302083730696522,0.0010690751865199651
302,0.3713512978601185,0.3748485140502453,-4.077948291192346e-05,-5.3284317255042346e-05,0.0010663401302755335
303,0.3713482581079006,0.37465033680200577,-3.039752217881553e-06,-0.0001981772482395061,0.0010635999504069612
304,0.3713901797309518,0.3746551662683487,4.1921623051166534e-05,4.82946634294823e-06,0.0010608546913660189
305,0.37136730255389755,0.374846488237381,-2.2877177054236864e-05,0.0001913219690322654,0.0010581043976868678
306,0.3713181804526936,0.3747996225953102,-4.9122101203946666e-05,-4.686564207079247e-05,0.0010553491139853395
307,0.37130753814496775,0.37500537633895875,-1.0642307725849953e-05,0.00020575374364856236,0.0010525888849582214
308,0.3712113718925552,0.3747733116149902,-9.616625241254395e-05,-0.00023206472396852806,0.001049823755382517
309,0.37123573588376696,0.3747399888932705,2.4363991211751035e-05,-3.332272171974182e-05,0.0010470537701147374
310,0.37126221507787704,0.3748912625014782,2.6479194110085036e-05,0.00015127360820771374,0.0010442789740901567
311,0.37124687721106137,0.3745028473436832,-1.5337866815678947e-05,-0.0003884151577949746,0.0010414994123220912
312,0.3712154914709655,0.3747509874403477,-3.1385740095868364e-05,0.000248140096664462,0.0010387151299011703
313,0.37121827934275975,0.3747753880918026,2.787871794251995e-06,2.4400651454925537e-05,0.0010359261719945984
314,0.37124511176212266,0.3748173750936985,2.683241936290992e-05,4.198700189589344e-05,0.0010331325838454314
315,0.37123226645317947,0.3746269293129444,-1.2845308943187916e-05,-0.00019044578075411156,0.001030334410771835
316,0.37119363620877266,0.3748202212154865,-3.8630244406812064e-05,0.00019329190254213646,0.0010275316981663537
317,0.37113842385059054,0.374742641299963,-5.521235818212178e-05,-7.757991552354015e-05,0.001024724491495175
318,0.3711570761251179,0.3745220810174942,1.8652274527353185e-05,-0.00022056028246880688,0.0010219128362973842
319,0.3711543416773731,0.3746022120118141,-2.734447744789925e-06,8.013099431991577e-05,0.0010190967781842388
320,0.3711396488784389,0.3747606448829174,-1.4692798934179407e-05,0.00015843287110328674,0.0010162763628384168
321,0.37113213251260196,0.37452164590358733,-7.5163658369570285e-06,-0.00023899897933005176,0.001013451636013281
322,0.37108123082328925,0.3746072672307491,-5.090168931271011e-05,8.562132716177784e-05,0.0010106226435321372
323,0.3710583545775576,0.374823285639286,-2.2876245731662248e-05,0.000216018408536911,0.0010077894312874886
324,0.3710505475544117,0.37482485845685004,-7.807023145900427e-06,1.5728175640217223e-06,0.001004952045240292
325,0.37104420152238826,0.3747183054685593,-6.346032023429871e-06,-0.00010655298829076454,0.0010021105314192097
326,0.3710329006002708,0.3748580068349838,-1.1300922117485346e-05,0.00013970136642454944,0.0009992649359198702
327,0.37102615934881295,0.3746510066092014,-6.741251457831332e-06,-0.0002070002257824055,0.0009964153049041172
328,0.3711748476224867,0.3745870336890221,0.00014868827367375825,-6.397292017934486e-05,0.0009935616845992534
329,0.3709674662995068,0.37455433383584025,-0.00020738132297992706,-3.269985318182789e-05,0.0009907041212973006
330,0.3709639797664501,0.3747407168149948,-3.486533056651364e-06,0.0001863829791545757,0.000987842661354242
331,0.37094868685711513,0.3748960763216019,-1.5292909334996274e-05,0.00015535950660705566,0.0009849773511892786
332,0.3709841656752608,0.3747594431042671,3.5478818145695534e-05,-0.00013663321733475842,0.0009821082372840637
333,0.3708728200502016,0.3747595399618149,-0.00011134562505921153,9.685754776000977e-08,0.0009792353661819593
334,0.37092596969821234,0.3746319405734539,5.3149648010730743e-05,-0.00012759938836098828,0.0009763587844872692
335,0.37093306044963276,0.3747834973037243,7.090751420413266e-06,0.00015155673027039684,0.0009734785388645112
336,0.37089250626211817,0.3746700085699558,-4.0554187514585394e-05,-0.00011348873376848534,0.0009705946760376219
337,0.37079924886876886,0.3744803585112095,-9.325739334931082e-05,-0.0001896500587463268,0.0009677072427892203
338,0.3708596514876593,0.37454154789447786,6.040261889045384e-05,6.118938326837853e-05,0.0009648162859598511
339,0.37082302443344484,0.3746976494789124,-3.662705421447754e-05,0.00015610158443452038,0.0009619218524472172
340,0.3708892948925495,0.37451886385679245,6.62704591046781e-05,-0.00017878562211992577,0.0009590239892054166
341,0.370931066064672,0.37505106925964354,4.1771172122506695e-05,0.0005322054028510936,0.0009561227432441869
342,0.3708837636831132,0.37455515190958977,-4.730238155881139e-05,-0.0004959173500537761,0.000953218161628146
343,0.3708431444723498,0.3746080458164215,-4.061921076342623e-05,5.289390683171913e-05,0.0009503102914760181
344,0.3708139050921256,0.37461089715361595,-2.9239380224199696e-05,2.8513371944649535e-06,0.0009473991799598748
345,0.3707707194103436,0.3747800841927528,-4.318568178196536e-05,0.0001691870391368755,0.0009444848743043718
346,0.3707912372086536,0.3745253004133701,2.0517798309971358e-05,-0.0002547837793827057,0.000941567421785983
347,0.37076191875067627,0.3746604174375534,-2.931845797732313e-05,0.00013511702418328442,0.0009386468697322253
348,0.37078266006640415,0.3745583765208721,2.0741315727879073e-05,-0.00010204091668131188,0.000935723265520901
349,0.3707634656774727,0.37457128763198855,-1.9194388931442763e-05,1.291111111645371e-05,0.0009327966565793242
350,0.3707349397750063,0.37476385831832887,-2.852590246638087e-05,0.00019257068634032093,0.0009298670903835544
351,0.37068823352456093,0.3744461379945278,-4.6706250445394115e-05,-0.00031772032380106285,0.0009269346144576209
352,0.37072796103629196,0.3744273744523525,3.9727511731035836e-05,-1.8763542175281867e-05,0.0009239992763727576
353,0.3706693791530349,0.37472947761416436,-5.858188325708058e-05,0.0003021031618118397,0.0009210611237466269
354,0.3706358570436185,0.37465578466653826,-3.35221094163729e-05,-7.369294762610279e-05,0.0009181202042425511
355,0.370601530440829,0.3747240290045738,-3.432660278951394e-05,6.824433803553909e-05,0.0009151765655687363
356,0.37058688632466574,0.3745627149939537,-1.4644116163253784e-05,-0.00016131401062008388,0.0009122302554774996
357,0.37068078319796105,0.3746424913406372,9.389687329530716e-05,7.97763466834911e-05,0.0009092813217644971
358,0.3705604234710336,0.37445955276489257,-0.00012035972692747698,-0.00018293857574464,0.0009063298122679409
359,0.37061882408505137,0.375061522424221,5.840061401779506e-05,0.0006019696593284607,0.0009033757748678315
360,0.3705185152251612,0.3747508883476257,-0.00010030885989015248,-0.0003106340765953175,0.0009004192574851776
361,0.3705694424835118,0.37450053095817565,5.092725835059708e-05,-0.00025035738945006214,0.0008974603080812145
362,0.3704774152826179,0.37469747439026835,-9.202720089390715e-05,0.00019694343209269993,0.0008944989746566361
363,0.37049852370877157,0.37472887337207794,2.110842615365982e-05,3.1398981809593884e-05,0.0008915353052508071
364,0.3705343786965717,0.37569774836301806,3.585498780012131e-05,0.0009688749909401162,0.000888569347940988
365,0.37060409648851916,0.3746089912950993,6.971779194747674e-05,-0.0010887570679187775,0.0008856011508415543
366,0.3705230731178414,0.37495633214712143,-8.102337067777965e-05,0.0003473408520221488,0.0008826307621032137
367,0.37044008389454,0.3747246667742729,-8.298922330141068e-05,-0.00023166537284852184,0.0008796582299122303
368,0.3704765485599637,0.37429104894399645,3.646466542372995e-05,-0.00043361783027645595,0.0008766836024896377
369,0.3704170776869763,0.3745474085211754,-5.9470872987410495e-05,0.0002563595771789551,0.00087370692809046
370,0.37042309843342414,0.3744720436632633,6.02074644784345e-06,-7.53648579120969e-05,0.0008707282550029252
371,0.37033915070986206,0.37448604926466944,-8.394772356207225e-05,1.4005601406130719e-05,0.0008677476315476876
372,0.37037351371889765,0.37465995997190477,3.436300903558731e-05,0.0001739107072353252,0.0008647651060770379
373,0.3704443039711226,0.37458683997392656,7.079025222495039e-05,-7.311999797821045e-05,0.000861780726974126
374,0.37036141710863874,0.3743741147220135,-8.288686248386634e-05,-0.00021272525191307068,0.0008587945426521669
375,0.3703180156140165,0.3746496357023716,-4.340149462223053e-05,0.0002755209803581016,0.0008558066015536622
376,0.37035079359669576,0.3746945932507515,3.2777982679255135e-05,4.4957548379909174e-05,0.0008528169521496134
377,0.37032722952690994,0.3747569479048252,-2.3564069785819708e-05,6.235465407372631e-05,0.0008498256429387329
378,0.3703376261348074,0.374580179899931,1.0396607897478205e-05,-0.0001767680048942455,0.00084683272244666
379,0.3702673920514909,0.37465388178825376,-7.02340833165227e-05,7.370188832278579e-05,0.0008438382392251724
380,0.37023122210732917,0.37456524819135667,-3.616994416172359e-05,-8.863359689709194e-05,0.0008408422418513994
381,0.3703191276131706,0.37457427978515623,8.790550584142354e-05,9.031593799557758e-06,0.0008378447789270297
382,0.37026177245107567,0.37430947422981264,-5.7355162094929746e-05,-0.0002648055553435835,0.0008348458990775309
383,0.37021228730339895,0.37463085129857066,-4.9485147676719965e-05,0.00032137706875801086,0.0008318456509513521
384,0.3702158640054139,0.3744372047483921,3.576702014951305e-06,-0.00019364655017856114,0.0008288440832191436
385,0.37016268963502214,0.3746972069144249,-5.317437039176198e-05,0.00026000216603278004,0.0008258412445729567
386,0.3702395958825946,0.3746517486870289,7.690624757245024e-05,-4.545822739598915e-05,0.000822837183725465
387,0.37014044127003715,0.37451625540852546,-9.91546125574394e-05,-0.00013549327850342907,0.0008198319494091679
388,0.37012861618264153,0.37469957768917084,-1.1825087395611611e-05,0.00018332228064538159,0.000816825590375599
389,0.37012069968676026,0.3746923044323921,-7.916495881277186e-06,-7.2732567787392455e-06,0.0008138181553945396
390,0.3700607618825002,0.3749230161309242,-5.993780426005735e-05,0.0002307116985321156,0.0008108096932532231
391,0.37001723804595793,0.3743862651288509,-4.3523836542269656e-05,-0.000536751002073288,0.0008078002527555457
392,0.3700890240513466,0.3745013915002346,7.17860053886521e-05,0.00011512637138366699,0.0008047898827212766
393,0.36999631647697906,0.3747146688401699,-9.27075743675232e-05,0.00021327733993531384,0.0008017786319852636
394,0.3699773647399111,0.3746595405042171,-1.8951737067951502e-05,-5.5128335952780994e-05,0.0007987665493966416
395,0.369998373599215,0.3747681640088558,2.1008859303894845e-05,0.00010862350463869408,0.0007957536838180386
396,0.36998969773677265,0.37455770522356036,-8.6758624423533e-06,-0.00021045878529546425,0.0007927400841247855
397,0.3698845859616995,0.37457388564944266,-0.00010511177507316338,1.618042588230617e-05,0.000789725799204122
398,0.3699891154061664,0.3749222092330456,0.00010452944446692758,0.0003483235836029275,0.0007867108779544027
399,0.3699243690141223,0.3744537152349949,-6.47463920441238e-05,-0.0004684939980507119,0.000783695369284306
400,0.36994363384490664,0.37452363297343255,1.926483078434904e-05,6.991773843767479e-05,0.0007806793221120398
401,0.3698690091683106,0.3746576510369778,-7.462467659602456e-05,0.00013401806354523815,0.000777662785364548
402,0.36988187970762904,0.37450185120105745,1.2870539318421415e-05,-0.00015579983592034496,0.0007746458079767152
403,0.3699007522822781,0.3744154289364815,1.8872574649053675e-05,-8.642226457594715e-05,0.0007716284388905742
404,0.3698289325799454,0.3746579304337502,-7.181970233266499e-05,0.00024250149726867676,0.0007686107270545142
405,0.3698177280920473,0.374473275244236,-1.1204487898097693e-05,-0.00018465518951416016,0.0007655927214224805
406,0.3698215041817589,0.3746799178421497,3.7760897115823866e-06,0.00020664259791369766,0.0007625744709531889
407,0.36982023783705453,0.374719750136137,-1.2663447043759213e-06,3.9832293987296374e-05,0.000759556024609322
408,0.36974349474026397,0.3747464120388031,-7.674309679056579e-05,2.666190266609192e-05,0.0007565374313567458
409,0.3697864047505639,0.37444284185767174,4.291001029993469e-05,-0.0003035701811313629,0.0007535187401637043
410,0.369784427552738,0.3745387434959412,-1.977197825908661e-06,9.590163826944664e-05,0.000750500000000033
411,0.36975716934962705,0.37443621307611463,-2.7258203110946955e-05,-0.00010253041982655198,0.0007474812598363636
412,0.36963989306241274,0.37467484921216965,-0.00011727628721430738,0.00023863613605501488,0.0007444625686433218
413,0.3697342187674208,0.3747459530830383,9.432570500805815e-05,7.110387086867176e-05,0.000741443975390745
414,0.36964249636300583,0.3746428325772285,-9.172240441496227e-05,-0.00010312050580979504,0.0007384255290468784
415,0.36961657740175724,0.37449641078710555,-2.5918961248594385e-05,-0.00014642179012297474,0.0007354072785775847
416,0.36961571558971296,0.37453836426138876,-8.618120442838162e-07,4.195347428320728e-05,0.000732389272945551
417,0.36961203085427935,0.37427215948700904,-3.6847354336067006e-06,-0.0002662047743797191,0.0007293715611094896
418,0.36957091211595317,0.374449472874403,-4.111873832618462e-05,0.00017731338739396252,0.000726354192023349
419,0.3695841267366301,0.37446201369166376,1.3214620676937905e-05,1.2540817260764392e-05,0.000723337214635516
420,0.36959067960693076,0.374547167122364,6.552870300657876e-06,8.515343070025772e-05,0.0007203206778880258
421,0.3695038441060619,0.3745043881237507,-8.683550086885372e-05,-4.277899861332424e-05,0.0007173046307157602
422,0.36949762803587044,0.3746802121400833,-6.216070191467082e-06,0.00017582401633259304,0.0007142891220456639
423,0.36949407173828647,0.37434281706809996,-3.5562975839731337e-06,-0.0003373950719833263,0.0007112742007959456
424,0.3694776195016774,0.3744202576577663,-1.6452236609065807e-05,7.744058966635547e-05,0.0007082599158752829
425,0.36941305260089313,0.3746766924858093,-6.456690078426863e-05,0.0002564348280429951,0.0007052463161820304
426,0.36948584308001126,0.37430413216352465,7.279047911812331e-05,-0.0003725603222846652,0.0007022334506034274
427,0.36948966632851143,0.37453233152627946,3.823248500178789e-06,0.00022819936275481068,0.0006992213680148062
428,0.36943801848048513,0.37470981329679487,-5.1647848026303844e-05,0.0001774817705154086,0.0006962101172787945
429,0.3693932451477105,0.3743284523487091,-4.477333277463913e-05,-0.0003813609480857738,0.0006931997472445256
430,0.36937713428315794,0.374440410733223,-1.6110864552554283e-05,0.00011195838451388829,0.0006901903067468485
431,0.36934357779947197,0.37436154633760454,-3.3556483685970306e-05,-7.886439561843872e-05,0.0006871818446055312
432,0.36936201383783057,0.37440730929374694,1.8436038358604634e-05,4.576295614239223e-05,0.0006841744096244703
433,0.3693118844689293,0.3745237998664379,-5.0129368901252747e-05,0.00011649057269097485,0.0006811680505909006
434,0.3692972353574904,0.37440393418073653,-1.464911143889136e-05,-0.00011986568570138134,0.0006781628162746043
435,0.3692703711038286,0.3744944594800472,-2.6864253661829096e-05,9.05252993106953e-05,0.0006751587554271126
436,0.3693002754483711,0.3746348887681961,2.9904344542475148e-05,0.0001404292881488911,0.0006721559167809255
437,0.36924490493468265,0.3748300179839134,-5.537051368842416e-05,0.00019512921571729347,0.0006691543490487153
438,0.36920330326326867,0.374510882049799,-4.160167141398219e-05,-0.00031913593411442287,0.0006661541009225365
439,0.3692020194774324,0.3746572144329548,-1.283785836247997e-06,0.00014633238315581165,0.0006631552210730374
440,0.3691984740170566,0.3741540268063545,-3.5454603758422465e-06,-0.0005031876266002877,0.0006601577581486672
441,0.36916722425005655,0.374752888828516,-3.1249767000030015e-05,0.0005988620221614727,0.0006571617607748924
442,0.36911025719547813,0.3743991643190384,-5.696705457841622e-05,-0.00035372450947757095,0.0006541672775534052
443,0.3691236472434618,0.37445942461490633,1.3390047983674602e-05,6.026029586791992e-05,0.0006511743570613329
444,0.3690614787523042,0.37437102273106576,-6.216849115758816e-05,-8.840188384057202e-05,0.0006481830478504528
445,0.36901407536457886,0.3746570937335491,-4.740338772535324e-05,0.0002860710024833457,0.0006451933984464045
446,0.36905001823536376,0.37465916872024535,3.594287078489966e-05,2.074986696243286e-06,0.0006422054573478994
447,0.36894558962773194,0.37455697879195216,-0.00010442860763182349,-0.00010218992829319484,0.0006392192730259394
448,0.3690354795279828,0.3745767533779144,8.98899002508835e-05,1.9774585962251123e-05,0.0006362348939230264
449,0.36901927316053346,0.37444174736738206,-1.620636744936732e-05,-0.00013500601053234584,0.0006332523684523772
450,0.3689155957068909,0.37456454038619996,-0.00010367745364253667,0.0001227930188179016,0.0006302717449971391
451,0.36898891771720216,0.3745569609105587,7.332201031123864e-05,-7.579475641283917e-06,0.0006272930719096032
452,0.3689008468592709,0.37484233528375627,-8.807085793127722e-05,0.00028537437319758885,0.0006243163975104231
453,0.3688724878328768,0.37456765547394755,-2.835902639408694e-05,-0.00027467980980872,0.0006213417700878298
454,0.36882946343923156,0.3745246335864067,-4.302439364523014e-05,-4.302188754085057e-05,0.0006183692378968459
455,0.3688500641252507,0.3744591437280178,2.0600686019112135e-05,-6.548985838888965e-05,0.0006153988491585066
456,0.368805255994878,0.37439693734049795,-4.48081303726644e-05,-6.220638751985863e-05,0.0006124306520590737
457,0.3687475125559352,0.37452913224697115,-5.774343894282552e-05,0.0001321949064732042,0.0006094646947492551
458,0.36874468108131125,0.37432522252202033,-2.831474623932184e-06,-0.0002039097249508237,0.0006065010253434261
459,0.3687174426899715,0.3747554928064346,-2.72383913397789e-05,0.0004302702844142803,0.0006035396919188469
460,0.3687414122237401,0.3746325887739658,2.396953376859745e-05,-0.00012290403246878467,0.0006005807425148831
461,0.36869389030405064,0.3743880696594715,-4.7521919689430536e-05,-0.0002445191144943015,0.0005976242251322266
462,0.36867964801124553,0.37454424276947973,-1.4242292805111134e-05,0.00015617311000820644,0.0005946701877321171
463,0.3687407575039701,0.3747267074882984,6.110949272458699e-05,0.00018246471881866455,0.0005917186782355612
464,0.3687138951976191,0.3742734782397747,-2.6862306351016496e-05,-0.00045322924852370106,0.0005887697445225569
465,0.3685978956689889,0.37464539259672164,-0.00011599952863022844,0.0003719143569469452,0.0005858234344313205
466,0.3685815775428306,0.3747144490480423,-1.6318126158265667e-05,6.90564513206593e-05,0.0005828797957575058
467,0.36861078949137166,0.3746069110929966,2.9211948541052468e-05,-0.00010753795504570007,0.0005799388762534306
468,0.3685504855926741,0.3747627064585686,-6.03038986975446e-05,0.0001557953655719757,0.000577000723627301
469,0.36858014068142936,0.3749429531395435,2.9655088755242698e-05,0.00018024668097493812,0.0005740653855424369
470,0.3685761955990033,0.3745817556977272,-3.945082426071167e-06,-0.00036119744181628555,0.0005711329096165026
471,0.36852167766879906,0.3746668517589569,-5.451793020422313e-05,8.509606122969471e-05,0.0005682033434207329
472,0.36846067129888316,0.3747576579451561,-6.10063699159058e-05,9.080618619916603e-05,0.000565276734479157
473,0.3684579254212705,0.3747577860951424,-2.745877612675418e-06,1.281499862892943e-07,0.0005623531302678333
474,0.3684287884865295,0.3748258911073208,-2.9136934740991993e-05,6.810501217840992e-05,0.0005594325782140766
475,0.36842302918772807,0.37465317323803904,-5.759298801422119e-06,-0.0001727178692817466,0.0005565151256956869
476,0.3683851095424457,0.3745516337454319,-3.7919645282380454e-05,-0.00010153949260716111,0.0005536008200401858
477,0.36837026713923976,0.3745407767593861,-1.4842403205928001e-05,-1.0856986045804096e-05,0.000550689708524042
478,0.3683667922053825,0.37493954598903656,-3.4749338572725996e-06,0.00039876922965048633,0.0005477818383719145
479,0.36829734458164737,0.37493897303938867,-6.944762373511937e-05,-5.729496478923402e-07,0.0005448772567558734
480,0.36835014659234067,0.3747153662145138,5.280201069329804e-05,-0.00022360682487487793,0.0005419760107946459
481,0.36830547435039823,0.37484232783317567,-4.467224194243391e-05,0.0001269616186618805,0.0005390781475528445
482,0.36831872072070837,0.37500185519456863,1.32463703101382e-05,0.00015952736139296375,0.0005361837140402089
483,0.3682330862026323,0.3748536467552185,-8.563451807608313e-05,-0.00014820843935015038,0.0005332927572108401
484,0.3682036575099284,0.3746895857155323,-2.9428692703892256e-05,-0.0001640610396861919,0.0005304053239624409
485,0.3681494223631241,0.37475586533546446,-5.4235146804304524e-05,6.627961993216358e-05,0.0005275214611355507
486,0.3681508050384847,0.37470569312572477,1.3826753605949982e-06,-5.017220973968506e-05,0.0005246412155127922
487,0.36811495072801004,0.37478944584727286,-3.585431047464782e-05,8.375272154809155e-05,0.0005217646338181082
488,0.3681421417912299,0.3745675064623356,2.719106321985576e-05,-0.00022193938493725307,0.0005188917627160024
489,0.36811221086166124,0.37490356490015986,-2.9930929568655618e-05,0.00033605843782424927,0.0005160226488107861
490,0.3680873280391097,0.3747884422540665,-2.4882822551530737e-05,-0.00011512264609336853,0.0005131573386458211
491,0.36808644353666087,0.37487134635448455,-8.845024488390862e-07,8.290410041805751e-05,0.000510295878702764
492,0.3680459330366416,0.3747465841472149,-4.0510500019241835e-05,-0.00012476220726964637,0.0005074383154008114
493,0.36804451353170653,0.37462388426065446,-1.4195049350962385e-06,-0.00012269988656044006,0.0005045846950959476
494,0.3679860627109354,0.37472224682569505,-5.8450820771105416e-05,9.836256504058838e-05,0.0005017350640801935
495,0.3679291204634038,0.3746755540370941,-5.694224753161059e-05,-4.669278860092163e-05,0.000498889468580855
496,0.36791634102436627,0.3746035538613796,-1.2779439037546858e-05,-7.2000175714515e-05,0.000496047954759773
497,0.3678762371736494,0.37489394992589953,-4.010385071684386e-05,0.0002903960645199155,0.0004932105687125736
498,0.36785335102203215,0.3745726302266121,-2.288615161727403e-05,-0.00032131969928744786,0.0004903773564679232
499,0.3678030822087418,0.3748120091855526,-5.026881329034394e-05,0.00023937895894049488,0.0004875483639867753
500,0.3677805382758379,0.37495509907603264,-2.254393290390677e-05,0.0001430898904800637,0.00048472363716164034
501,0.36776268600740214,0.37446700111031533,-1.785226843575849e-05,-0.00048809796571730457,0.0004819032218158176
502,0.3677238385955041,0.37472082003951074,-3.884741189802421e-05,0.00025381892919540405,0.00047908716370267165
503,0.36771888328208163,0.37466625720262525,-4.955313422483343e-06,-5.456283688548558e-05,0.0004762755085048818
504,0.3677222357893532,0.3747147612273693,3.3525072715701043e-06,4.8504024744044916e-05,0.0004734683018337016
505,0.36764955664561555,0.37485543340444566,-7.267914373765283e-05,0.00014067217707636193,0.00047066558922822035
506,0.36765115665779874,0.3748564079403877,1.600012183189392e-06,9.745359420554323e-07,0.00046786741615462396
507,0.3676184783266349,0.3746884822845459,-3.267833116382679e-05,-0.0001679256558418385,0.00046507382800545574
508,0.36758873400024394,0.3749695882201195,-2.9744326390968023e-05,0.0002811059355736223,0.0004622848700988833
509,0.3675851451063698,0.37491440400481224,-3.5888938741401866e-06,-5.518421530725792e-05,0.00045950058767795963
510,0.3675164741209962,0.3753014959394932,-6.867098537360894e-05,0.0003870919346809498,0.0004567210259098932
511,0.3675166203386404,0.37481327876448634,1.4621764421463013e-07,-0.00048821717500685535,0.00045394622988531136
512,0.3675154202871702,0.37488592267036436,-1.200051470195973e-06,7.264390587802261e-05,0.0004511762446175316
513,0.36749940035356715,0.3748981855809689,-1.6019933603061975e-05,1.2262910604521338e-05,0.00044841111504182894
514,0.3673743557354266,0.3753299877047539,-0.00012504461814055734,0.0004318021237850189,0.0004456508860147085
515,0.3673819677734917,0.3748356275260448,7.6120380650968045e-06,-0.0004943601787090746,0.0004428956023131797
516,0.3673524562777443,0.375051836669445,-2.9511495747369665e-05,0.00021620914340020336,0.00044014530863402596
517,0.3673138471997597,0.3750948503613472,-3.860907798464153e-05,4.301369190218285e-05,0.0004374000495930821
518,0.3673064196482301,0.37490948364138604,-7.4275515296040595e-06,-0.00018536671996116638,0.0004346598697245108
519,0.3673113363540985,0.37503570392727853,4.9167058684407294e-06,0.00012622028589248657,0.0004319248134800767
520,0.3672665222971277,0.3749161437153816,-4.481405697082108e-05,-0.00011956021189690746,0.00042919492522843167
521,0.36724693209610204,0.37495824247598647,-1.959020102565434e-05,4.2098760604847296e-05,0.00042647024925438864
522,0.36718954984098673,0.37521246671676634,-5.7382255115312475e-05,0.0002542242407798656,0.0004237508297582078
523,0.36718450020998716,0.3750833302736282,-5.0496309995651245e-06,-0.00012913644313811146,0.0004210367108548746
524,0.3671634178608656,0.37485766410827637,-2.1082349121570587e-05,-0.00022566616535185657,0.0004183279365733904
525,0.36713254350152885,0.37488262355327606,-3.08743593367411e-05,2.4959444999694824e-05,0.0004156245508560537
526,0.3671068456870588,0.3751589752733707,-2.569781447003816e-05,0.0002763517200946586,0.000412926597557749
527,0.36706315099515696,0.37475584372878074,-4.3694691901852156e-05,-0.00040313154458998524,0.0004102341204452328
528,0.3670545465905558,0.3749586768448353,-8.604404601153526e-06,0.00020283311605456822,0.0004075471631964287
529,0.3669773799959909,0.37503637447953225,-7.71665945649147e-05,7.769763469694935e-05,0.00040486576939971486
530,0.36696943090381945,0.37488518059253695,-7.949092171444239e-06,-0.00015119388699530445,0.00040218998255321875
531,0.3669581487774849,0.3749227598309517,-1.1282126334555276e-05,3.75792384147422e-05,0.00039951984606410856
532,0.36695362043313007,0.3752361200749874,-4.528344354826075e-06,0.0003133602440357208,0.0003968554032478932
533,0.3668817123398185,0.3750519327819347,-7.19080933115901e-05,-0.00018418729305269554,0.00039419669732771606
534,0.3668524965813214,0.37523999363183974,-2.921575849706981e-05,0.00018806084990502514,0.0003915437714336572
535,0.36681314989585767,0.3752214632928371,-3.9346685463736986e-05,-1.8530339002620355e-05,0.00038889666860203085
536,0.36677815638143907,0.37485059797763826,-3.499351441860199e-05,-0.000370865315198865,0.00038625543177468844
537,0.36674965723333036,0.375097169727087,-2.849914810870713e-05,0.00024657174944875404,0.0003836201037983233
538,0.36671952632340515,0.37512335255742074,-3.0130909925207838e-05,2.618283033373192e-05,0.0003809907274237697
539,0.3667399555614049,0.3749814800918102,2.042923799971952e-05,-0.00014187246561053746,0.0003783673453053191
540,0.36667784582823515,0.3751271732151508,-6.210973316972401e-05,0.0001456931233406178,0.00037575000000002044
541,0.3666959046809511,0.3750136263668537,1.8058852715940876e-05,-0.00011354684829711914,0.0003731387339669922
542,0.3666026532142,0.37555463090538976,-9.325146675109863e-05,0.0005410045385360607,0.0003705335895667329
543,0.36655554768036713,0.3751712843775749,-4.710553383285854e-05,-0.000383346527814854,0.00036793460906043744
544,0.3665429705076597,0.37533947005867957,-1.2577172707417539e-05,0.00016818568110466003,0.0003653418346093064
545,0.36652999540621584,0.3749632388353348,-1.2975101443879478e-05,-0.00037623122334479175,0.00036275530827386486
546,0.36651195907457307,0.3750030219554901,-1.8036331642767855e-05,3.9783120155345575e-05,0.00036017507201327925
547,0.36647158641029487,0.3753178186714649,-4.0372664278198744e-05,0.00031479671597478553,0.00035760116768467835
548,0.3664307456294244,0.3752380430698395,-4.084078087046583e-05,-7.97756016254203e-05,0.0003550336370424721
549,0.3664351392706687,0.37510462924838067,4.393641244271329e-06,-0.00013341382145881653,0.0003524725217376753
550,0.3663488996469162,0.37512233182787896,-8.623962375248206e-05,1.7702579498291016e-05,0.000349917863317232
551,0.36633535237474874,0.37481030225753786,-1.354727216745788e-05,-0.00031202957034109913,0.00034736970322334104
552,0.36626885035498574,0.37535219714045526,-6.650201976299286e-05,0.0005418948829173931,0.00034482808279278455
553,0.36630110247907316,0.3753170818090439,3.22521240874174e-05,-3.5115331411372797e-05,0.0003422930432562558
554,0.3662122024053877,0.3753343038260937,-8.89000736854495e-05,1.722201704978943e-05,0.0003397646257376934
555,0.3662078029222109,0.37517347633838655,-4.3994831768201514e-06,-0.00016082748770712696,0.0003372428712536108
556,0.36620217646387493,0.37533794045448304,-5.626458335961093e-06,0.00016446411609649658,0.0003347278207124318
557,0.366235144267028,0.37530767917633057,3.2967803153094444e-05,-3.0261278152476923e-05,0.0003322195149138293
558,0.36610986199229956,0.3755484536290169,-0.00012528227472846654,0.00024077445268633202,0.0003297179945480599
559,0.3660568693144755,0.3751745842397213,-5.2992677824048595e-05,-0.0003738693892956224,0.00032722330019530624
560,0.36599430509588937,0.3751744531095028,-6.256421858613637e-05,-1.3113021846145045e-07,0.0003247354723250163
561,0.366029224104502,0.3753004767000675,3.491900861263275e-05,0.00012602359056468337,0.0003222545512952537
562,0.3659324030476538,0.3754809692502022,-9.682105684821751e-05,0.00018049255013469212,0.00031978057735203096
563,0.36594210463491356,0.37512054294347763,9.70158725976944e-06,-0.00036042630672455944,0.00031731359062866875
564,0.36588706888935785,0.3752612113952637,-5.503574555570934e-05,0.00014066845178606346,0.0003148536311451356
565,0.3659050434997136,0.37504100427031517,1.7974610355742104e-05,-0.0002202071249485238,0.0003124007388074064
566,0.36584247707981954,0.37515699565410615,-6.25664198940501e-05,0.00011599138379098095,0.000309954953406809
567,0.36586163844913244,0.37549332305788996,1.9161369312903354e-05,0.0003363274037838093,0.0003075163146193822
568,0.3658012315122919,0.37542743757367136,-6.040693684056242e-05,-6.588548421859741e-05,0.00030508486200523044
569,0.3657844512808052,0.3755382910370827,-1.6780231486657193e-05,0.00011085346341133118,0.00030266063500788287
570,0.36574010559442366,0.3751251794397831,-4.434568638156389e-05,-0.0004131115972996202,0.00030024367295365196
571,0.3656640686094761,0.3750988312065601,-7.60369849475695e-05,-2.6348233222950324e-05,0.0002978340150509984
572,0.36565961307761347,0.3752653606235981,-4.455531862623818e-06,0.00016652941703798607,0.0002954317003898925
573,0.36564255302602594,0.37540137618780134,-1.7060051587525216e-05,0.00013601556420322902,0.00029303676794118156
574,0.3656817380846901,0.37528096958994867,3.918505866418176e-05,-0.0001204065978526736,0.00029064925655595625
575,0.36558515510775824,0.3753140076994896,-9.658297693188045e-05,3.3038109540917127e-05,0.00028826920496492244
576,0.3655348450622775,0.3753878578543663,-5.031004548072815e-05,7.385015487670898e-05,0.0002858966517777705
577,0.36552103083919396,0.3755641125142574,-1.3814223083552513e-05,0.00017625465989112854,0.0002835316354825515
578,0.3654720344665376,0.3755217380821705,-4.899637265637358e-05,-4.237443208693348e-05,0.00028117419444504907
579,0.3654440092769536,0.37520466148853304,-2.802518958400224e-05,-0.0003170765936374442,0.0002788243669081622
580,0.36542564554309304,0.375432126224041,-1.8363733860549125e-05,0.00022746473550794288,0.00027648219099127996
581,0.365436920218847,0.37516013979911805,1.1274675753958352e-05,-0.000271986424922932,0.0002741477046896665
582,0.36536613826385955,0.3757701501250267,-7.078195498744222e-05,0.0006100103259086276,0.00027182094587384315
583,0.3652884654531425,0.3757422536611557,-7.767281071707766e-05,-2.789646387096889e-05,0.0002695019522889736
584,0.3652625939893452,0.37522518038749697,-2.5871463797288996e-05,-0.0005170732736587413,0.0002671907615542546
585,0.36526342159645125,0.3756822369992733,8.276071060686618e-07,0.0004570566117763075,0.0002648874111623009
586,0.3651882150125774,0.37540768906474115,-7.52065838738325e-05,-0.0002745479345321322,0.0002625919384785406
587,0.3651215616952289,0.3754619836807251,-6.665331734850843e-05,5.429461598394081e-05,0.00026030438074060814
588,0.36514405406672845,0.3753946743905544,2.249237149953842e-05,-6.730929017068066e-05,0.0002580247750577386
589,0.3651156450029124,0.3755525752902031,-2.8409063816070557e-05,0.00015790089964867748,0.0002557531584101699
590,0.365115635859018,0.3753229409456253,-9.143894363905503e-09,-0.0002296343445777893,0.00025348956764853855
591,0.36501298480751837,0.37549847215414045,-0.00010265105149964704,0.00017553120851515613,0.00025123403949328356
592,0.36494450076398527,0.3760081514716148,-6.848404353310134e-05,0.0005096793174743652,0.00024898661053405043
593,0.3650170403786681,0.3753955975174904,7.253961468284276e-05,-0.0006125539541244063,0.00024674731722909793
594,0.3649329570206729,0.37541584596037864,-8.408335799520161e-05,2.024844288822658e-05,0.0002445161959047087
595,0.3648386485027996,0.37550544142723086,-9.43085178732872e-05,8.959546685222142e-05,0.00024229328275459364
596,0.36485054301605985,0.375545809417963,1.1894513260224393e-05,4.0367990732148584e-05,0.00024007861383931132
597,0.36484586100348015,0.3753389485180378,-4.68201257969314e-06,-0.00020686089992522083,0.0002378722250856814
598,0.3647375050932169,0.37585713118314745,-0.00010835591026325808,0.0005181826651096677,0.00023567415228619945
599,0.3647397050464695,0.3753201462328434,2.1999532526240095e-06,-0.0005369849503040758,0.0002334844310984593
600,0.36472815021195193,0.375763126462698,-1.1554834517590873e-05,0.00044298022985461705,0.00023130309704457147
601,0.36470486740158364,0.37562071084976195,-2.3282810368285833e-05,-0.0001424156129360421,0.0002291301855105904
602,0.3646152237938209,0.3760692663490772,-8.964360776275715e-05,0.00044855549931527294,0.00022696573174593753
603,0.3646230089732192,0.37562541365623475,7.785179398311914e-06,-0.0004438526928424724,0.00022480977086283114
604,0.36457790375094523,0.3757104009389877,-4.510522227396674e-05,8.498728275296852e-05,0.00022266233783571667
605,0.3645081175491214,0.3757184982299805,-6.978620182385153e-05,8.097290992770123e-06,0.00022052346750069801
606,0.36450978969647124,0.3754103951156139,1.6721473498626516e-06,-0.0003081031143665758,0.00021839319455497282
607,0.3644618115980517,0.3757966123521328,-4.797809841955436e-05,0.00038621723651888207,0.0002162715535562721
608,0.3644244207746603,0.3755794517695904,-3.739082339138111e-05,-0.00021716058254239723,0.0002141585789222959
609,0.36441638303751295,0.3759263724088669,-8.037737147359447e-06,0.0003469206392764934,0.0002120543049301573
610,0.36441666912287474,0.37588209956884383,2.860853617892012e-07,-4.4272840023062976e-05,0.00020995876571582546
611,0.36432912657884037,0.3757843844592571,-8.754254403436912e-05,-9.77151095867268e-05,0.00020787199527357237
612,0.3642589890144088,0.3758275255560875,-7.01375644315827e-05,4.314109683040135e-05,0.00020579402745542148
613,0.3642638488249345,0.3758660815656185,4.859810525725816e-06,3.8556009531010016e-05,0.00020372489597059813
614,0.3641971466554837,0.3760261222720146,-6.67021694508163e-05,0.0001600407063960807,0.000201664634384982
615,0.3642261405052109,0.37562285363674164,2.8993849727210197e-05,-0.00040326863527295753,0.0001996132761205651
616,0.3641929760236632,0.3761108584702015,-3.316448154772056e-05,0.000488004833459843,0.0001975708544549061
617,0.3641079490665685,0.3760870762169361,-8.502695709466934e-05,-2.378225326538086e-05,0.000195537402520593
618,0.3640466124158014,0.3761476494371891,-6.13366507671298e-05,6.057322025299072e-05,0.00019351295330470556
619,0.36402974277734756,0.3759291470050812,-1.686963845382028e-05,-0.0002185024321079143,0.0001914975396482791
620,0.36402040025727317,0.3759451575577259,-9.342520074395733e-06,1.6010552644718512e-05,0.00018949119424577175
621,0.3639719680120999,0.37611369490623475,-4.8432245173257726e-05,0.00016853734850885704,0.00018749394964453586
622,0.36392381143840874,0.3760706722736359,-4.8156573691171545e-05,-4.302263259886585e-05,0.0001855058382442867
623,0.36390061617236247,0.3759934663772583,-2.319526604627198e-05,-7.720589637760789e-05,0.00018352689229658104
624,0.3638482798229564,0.3760304540395737,-5.233634940604581e-05,3.698766231541306e-05,0.00018155714390429
625,0.36383193206380715,0.37589469328522684,-1.6347759149271113e-05,-0.00013576075434684753,0.00017959662502108103
626,0.36380037504502316,0.3761176124215126,-3.1557018783989754e-05,0.00022291913628574855,0.00017764536745089874
627,0.36381276781586086,0.37594151943922044,1.2392770837699185e-05,-0.0001760929822921531,0.00017570340284744747
628,0.3637852521443909,0.37608753368258474,-2.7515671469968694e-05,0.0001460142433643008,0.00017377076271368023
629,0.36367457190697844,0.37616981789469717,-0.0001106802374124527,8.228421211242676e-05,0.000171847478401287
630,0.3636862396855246,0.37597320377826693,1.1667778546164964e-05,-0.00019661411643023818,0.00016993358111018405
631,0.3636341624977914,0.3759826056659222,-5.207718773320158e-05,9.401887655247076e-06,0.00016802910188801133
632,0.36358991324562917,0.37603832930326464,-4.4249252162231745e-05,5.5723637342464105e-05,0.0001661340716296257
633,0.36352836281399836,0.3760346494615078,-6.155043163080798e-05,-3.6798417568650876e-06,0.00016424852107660152
634,0.3635278529572216,0.37602880150079726,-5.098567767425344e-07,-5.8479607105144105e-06,0.0001623724808167306
635,0.36350394641472533,0.3762486606836319,-2.3906542496288097e-05,0.00021985918283462524,0.00016050598128352787
636,0.363441888496957,0.3759949304163456,-6.205791776831004e-05,-0.00025373026728631176,0.00015864905275573575
637,0.36340104991739447,0.376101329177618,-4.08385795625521e-05,0.00010639876127244152,0.00015680172535683423
638,0.3633944373577833,0.3761988528072834,-6.612559611152147e-06,9.752362966536365e-05,0.00015496402905455133
639,0.36338105730035086,0.37625025734305384,-1.3380057432454961e-05,5.140453577046067e-05,0.00015313599366037923
640,0.3632838466120037,0.3763069696724415,-9.721068834717128e-05,5.671232938764259e-05,0.00015131764882908582
641,0.3632785219021819,0.3760805532336235,-5.324709821785678e-06,-0.000226416438817989,0.00014950902405823957
642,0.36321261762218043,0.3762168511748314,-6.590428000147197e-05,0.00013629794120789684,0.0001477101486877263
643,0.36321968983181496,0.37608367651700975,7.072209634528814e-06,-0.00013317465782164417,0.00014592105189927538
644,0.3631908261979168,0.3760598011314869,-2.886363389814628e-05,-2.3875385522842407e-05,0.00014414176271598662
645,0.3631110042333603,0.3761538028717041,-7.982196455652568e-05,9.400174021717556e-05,0.0001423723100018578
646,0.3631134576756846,0.3763980843126774,2.453442324301669e-06,0.00024428144097332627,0.00014061272246131858
647,0.3630425360223109,0.3763860329985619,-7.092165337369005e-05,-1.2051314115524292e-05,0.0001388630286387634
648,0.3630133837630803,0.3763816446065903,-2.915225923061371e-05,-4.388391971588135e-06,0.00013712325691808797
649,0.36299304181540554,0.37623547837138177,-2.0341947674751282e-05,-0.00014616623520852245,0.00013539343552223054
650,0.362949437038465,0.3761747695505619,-4.360477694054232e-05,-6.070882081987694e-05,0.00013367359251271284
651,0.36297279807992955,0.37645014375448227,2.3361041464553534e-05,0.0002753742039203755,0.00013196375578918525
652,0.36290554820813914,0.3764683723449707,-6.724987179040909e-05,1.822859048844494e-05,0.000130263953088973
653,0.36285311229188333,0.376274511218071,-5.243591625581079e-05,-0.00019386112689973034,0.00012857421198662918
654,0.36280130967497826,0.37633788362145426,-5.180261690507226e-05,6.337240338327721e-05,0.0001268945598934843
655,0.3627900420264764,0.3768602043390274,-1.1267648501844807e-05,0.0005223207175731326,0.0001252250240572031
656,0.3627365938472477,0.3767305962741375,-5.344817922869893e-05,-0.00012960806488987453,0.00012356563156134268
657,0.362734014083716,0.3762457586824894,-2.5797635316848755e-06,-0.0004848375916481351,0.00012191640932491355
658,0.36263611997393047,0.37652469277381895,-9.789410978555679e-05,0.0002789340913295635,0.00012027738410193846
659,0.3626438742503524,0.3765924617648125,7.754276421911843e-06,6.776899099353306e-05,0.00011864858248102616
660,0.36261371201412246,0.3765621744096279,-3.0162236229924755e-05,-3.0287355184566156e-05,0.00011703003088493409
661,0.362575810063969,0.37645790800452233,-3.790195015346276e-05,-0.00010426640510557972,0.00011542175557014301
662,0.3625379928641699,0.3769033543765545,-3.781719979911724e-05,0.0004454463720321433,0.00011382378262642815
663,0.3624949958175421,0.3763407766819,-4.2997046627801794e-05,-0.0005625776946544536,0.00011223613797643869
664,0.3624497591941194,0.37659227326512335,-4.523662342265089e-05,0.0002514965832233207,0.00011065884737527493
665,0.36245133710855787,0.3765352465212345,1.577914438444239e-06,-5.702674388885498e-05,0.00010909193641007301
666,0.36239589513702825,0.37657814770936965,-5.5441971529623935e-05,4.29011881351582e-05,0.00010753543049958739
667,0.36240524231371557,0.37642419785261155,9.347176687324321e-06,-0.00015394985675809547,0.00010598935489378009
668,0.3623573396524245,0.3769818045198917,-4.790266129106602e-05,0.0005576066672801638,0.00010445373467341051
669,0.362356666052206,0.3766210339963436,-6.736002184926093e-07,-0.000360770523548104,0.00010292859474962859
670,0.3622659013860605,0.37635417133569715,-9.076466614549306e-05,-0.0002668626606464608,0.0001014139598635703
671,0.36219477509571746,0.3768208995461464,-7.112629034305984e-05,0.00046672821044924095,9.990985458595769e-05
672,0.3622012650594115,0.37650262787938116,6.489963694067402e-06,-0.0003182716667652352,9.841630331669824e-05
673,0.36216436699032784,0.3766641840338707,-3.689806908369064e-05,0.00016155615448953942,9.693333028449085e-05
674,0.36216929885135457,0.3768789157271385,4.931861026735707e-06,0.00021473169326780006,9.546095954643144e-05
675,0.36210689871487295,0.37677965238690375,-6.240013648162179e-05,-9.926334023474537e-05,9.399921498762416e-05
676,0.36208916836502875,0.37658972591161727,-1.7730349844202742e-05,-0.00018992647528648376,9.254812032079235e-05
677,0.3619884255088188,0.3768989235162735,-0.00010074285620992329,0.0003091976046562528,9.110769908589511e-05
678,0.3620297271250324,0.37667724639177325,4.1301616213573755e-05,-0.00022167712450027466,8.96779746497439e-05
679,0.3620336004956202,0.37663727030158045,3.873370587825775e-06,-3.99760901927948e-05,8.825897020562605e-05
680,0.36195942149920896,0.3768292538821697,-7.417899641126713e-05,0.00019198358058925002,8.685070877292559e-05
681,0.3619028616019271,0.37678693756461146,-5.6559897281871496e-05,-4.2316317558244165e-05,8.545321319675197e-05
682,0.36190181894397194,0.37695485949516294,-1.0426579551414683e-06,0.00016792193055148452,8.406650614756818e-05
683,0.36184893252158706,0.3769004687666893,-5.288642238487906e-05,-5.439072847363002e-05,8.269061012082438e-05
684,0.3617850992489945,0.3766063034534454,-6.383327259257277e-05,-0.00029416531324388817,8.132554743659081e-05
685,0.361799074167555,0.37684047743678095,1.3974918560533123e-05,0.0002341739833355283,7.997134023919805e-05
686,0.3617647009139711,0.3768286816775799,-3.437325358390808e-05,-1.1795759201072009e-05,7.862801049687577e-05
687,0.36173359685662115,0.3769783712923527,-3.110405734996213e-05,0.00014968961477279663,7.729558000139855e-05
688,0.36170414301820775,0.3766211308538914,-2.9453838413406874e-05,-0.0003572404384613037,7.597407036772967e-05
689,0.3616670166057619,0.3769535005092621,-3.7126412445853685e-05,0.0003323696553707012,7.46635030336733e-05
690,0.3616481908512386,0.3768461436033249,-1.8825754523277283e-05,-0.00010735690593716152,7.336389925952403e-05
691,0.3615888043899428,0.37669356912374496,-5.9386461295829474e-05,-0.00015257447957994774,7.207528012772449e-05
692,0.3615885734219443,0.37695911079645156,-2.3096799850463867e-07,0.0002655416727065929,7.079766654252142e-05
693,0.361657789231024,0.37728537172079085,6.921580907970348e-05,0.00032626092433929443,6.953107922962789e-05
694,0.3614737913859161,0.3769552081823349,-0.00018399784510786388,-0.00033016353845594093,6.827553873588578e-05
695,0.3615162171931429,0.3768842540681362,4.242580722679801e-05,-7.0954114198718e-05,6.703106542893357e-05
696,0.361393267034807,0.3771993562579155,-0.0001229501583359105,0.0003151021897793149,6.57976794968755e-05
697,0.3614465898241509,0.3769243985414505,5.332278934389034e-05,-0.00027495771646501854,6.457540094795424e-05
698,0.3614258435978131,0.3773197703063488,-2.074622633779777e-05,0.00039537176489828907,6.336424961022611e-05
699,0.3613866020671346,0.37719584852457044,-3.924153067852432e-05,-0.00012392178177833557,6.21642451312394e-05
700,0.3613164567134597,0.37734058424830436,-7.014535367488861e-05,0.00014473572373391308,6.097540697771665e-05
701,0.36126869544386864,0.3773913159966469,-4.77612695910512e-05,5.073174834252514e-05,5.9797754435235404e-05
702,0.36127544880251994,0.3770059458911419,6.753358651301333e-06,-0.0003853701055049896,5.863130660792027e-05
703,0.3612548000263897,0.37698569893836975,-2.0648776130227642e-05,-2.0246952772140503e-05,5.747608241813012e-05
704,0.36120567276057874,0.3771614424884319,-4.912726581096649e-05,0.00017574355006216846,5.6332100606151416e-05
705,0.3612142883410508,0.37721052542328837,8.615580472048912e-06,4.90829348564481e-05,5.5199379729894696e-05
706,0.3611504507505081,0.37703043818473814,-6.383759054268134e-05,-0.00018008723855023057,5.407793816459298e-05
707,0.36112749788232823,0.37702386155724527,-2.2952868179881847e-05,-6.576627492871356e-06,5.296779410250415e-05
708,0.3611497709696943,0.37722509279847144,2.2273087366075917e-05,0.00020123124122617408,5.186896555261541e-05
709,0.3611117662353949,0.3771416462957859,-3.800473429937945e-05,-8.344650268554688e-05,5.0781470340351594e-05
710,0.3610710755667903,0.3770269095897675,-4.0690668604626e-05,-0.00011473670601841457,4.9705326107285645e-05
711,0.36112504198469897,0.377282141149044,5.396641790866852e-05,0.0002552315592765364,4.864055031085301e-05
712,0.36105552612041886,0.3772202402353287,-6.951586428011192e-05,-6.190091371532924e-05,4.758716022406723e-05
713,0.3609867503189228,0.377170230448246,-6.877580149605711e-05,-5.0009787082694324e-05,4.6545172935241e-05
714,0.36095011522146786,0.3774518661201,-3.663509745494009e-05,0.00028163567185401917,4.551460534770838e-05
715,0.36094856778667733,0.37724966928362846,-1.5474347905275465e-06,-0.00020219683647154651,4.449547417955068e-05
716,0.3608907951380719,0.3769700892269611,-5.777264860545861e-05,-0.000279580056667339,4.348779596332514e-05
717,0.36094991727308795,0.3774434044957161,5.912213501607644e-05,0.0004733152687549924,4.249158704579692e-05
718,0.36079154341396963,0.377290565520525,-0.00015837385911832147,-0.00015283897519113854,4.1506863587673884e-05
719,0.36078606952320447,0.37734241783618927,-5.473890765161915e-06,5.185231566429138e-05,4.0533641563344205e-05
720,0.36083634045313706,0.37743422463536264,5.02709299325943e-05,9.18067991733662e-05,3.957193676061773e-05
721,0.36079764730212366,0.3772305838763714,-3.869315101340254e-05,-0.00020364075899126366,3.862176478046918e-05
722,0.36079181933944876,0.3774882614612579,-5.827962674898046e-06,0.0002576775848865398,3.768314103678552e-05
723,0.36077049907974224,0.3774498015642166,-2.1320259706525402e-05,-3.84598970413208e-05,3.675608075611615e-05
724,0.36072821965949103,0.3772646740078926,-4.227942025120113e-05,-0.00018512755632399402,3.5840598977425014e-05
725,0.3607310593466867,0.37745054215192797,2.839687195665963e-06,0.00018586814403537266,3.493671055184788e-05
726,0.3606300854378126,0.37711868733167647,-0.0001009739088740913,-0.00033185482025149815,3.40444301424501e-05
727,0.3606381560252471,0.37741256356239317,8.070587434516607e-06,0.0002938762307166942,3.316377222398989e-05
728,0.3605937826531855,0.3772591665387154,-4.437337206164571e-05,-0.00015339702367778152,3.229475108268255e-05
729,0.3606620082123713,0.3771547071635723,6.822555918584161e-05,-0.00010445937514308445,3.1437380815969454e-05
730,0.3606021622703834,0.37724351286888125,-5.9845941987934914e-05,8.880570530894749e-05,3.059167533228831e-05
731,0.3606235910715027,0.377323441952467,2.1428801119327545e-05,7.992908358572803e-05,2.975764835085021e-05
732,0.3605632512745532,0.37747914120554926,-6.0339796949526736e-05,0.0001556992530822865,2.8935313401413396e-05
733,0.3605422974479469,0.37744960114359855,-2.095382660627365e-05,-2.95400619507169e-05,2.8124683824066237e-05
734,0.36055770998989994,0.37723770290613173,1.5412541953030434e-05,-0.00021189823746681213,2.732577276900966e-05
735,0.36051533692939713,0.3774190805852413,-4.237306050280942e-05,0.00018137767910958447,2.6538593196344857e-05
736,0.36050788914276793,0.3771737955510616,-7.447786629199982e-06,-0.0002452850341796986,2.576315787586194e-05
737,0.36046488693153317,0.37722129821777345,-4.300221123476611e-05,4.7502666711829455e-05,2.4999479386833743e-05
738,0.36039876302873547,0.3773207239806652,-6.612390279769897e-05,9.94257628917361e-05,2.424757011781112e-05
739,0.3603977627036246,0.37720975279808044,-1.0003251108559041e-06,-0.00011097118258474037,2.3507442266422483e-05
740,0.3603945972228592,0.37729065492749214,-3.1654807653991313e-06,8.090212941169739e-05,2.277910783917527e-05
741,0.360368651507253,0.3772865004837513,-2.5945715606212616e-05,-4.154443740855829e-06,2.206257865126173e-05
742,0.36039065298709,0.3776313439011574,2.2001479836997184e-05,0.00034484341740609326,2.1357866326367034e-05
743,0.3603510417213494,0.3773910187184811,-3.961126574059115e-05,-0.0002403251826763042,2.0664982296480753e-05
744,0.36031719347970054,0.37744905725121497,-3.384824164887057e-05,5.803853273389503e-05,1.9983937801711448e-05
745,0.3602911602197723,0.37763734385371206,-2.603325992822647e-05,0.00018828660249708973,1.93147438901042e-05
746,0.3603331391614946,0.3773770973086357,4.1978941722309315e-05,-0.00026024654507633693,1.8657411417461576e-05
747,0.3603070252998309,0.37755319476127625,-2.611386166373464e-05,0.00017609745264052235,1.8011951047167374e-05
748,0.36024911633946677,0.3776131972670555,-5.790896036411697e-05,6.0002505779255255e-05,1.737837325001355e-05
749,0.36024726478552277,0.37766133770346644,-1.8515539439989404e-06,4.814043641093724e-05,1.6756688304030844e-05
750,0.3602059075439518,0.37759543061256406,-4.1357241570949554e-05,-6.59070909023729e-05,1.6146906294321112e-05
751,0.3602180205793543,0.37730532586574556,1.2113035402494532e-05,-0.0002901047468185092,1.5549037112894754e-05
752,0.3602015415883877,0.37747774794697764,-1.6478990966628526e-05,0.00017242208123208203,1.496309045850993e-05
753,0.36019371822476387,0.37743302434682846,-7.823363623815638e-06,-4.472360014917687e-05,1.43890758365149e-05
754,0.3601787014102394,0.37755013853311536,-1.5016814524482225e-05,0.00011711418628690407,1.3827002558693842e-05
755,0.36017654717645864,0.3776107057929039,-2.154233780748971e-06,6.056725978853539e-05,1.327687974311622e-05
756,0.36015108981254423,0.37733509242534635,-2.5457363914405118e-05,-0.00027561336755754784,1.2738716313988279e-05
757,0.36011881719936023,0.37753075659275054,-3.227261318400343e-05,0.0001956641674041859,1.2212521001509045e-05
758,0.3601220586252483,0.37764584720134736,3.241425888089733e-06,0.00011509060859682396,1.1698302341727962e-05
759,0.36010380427945743,0.3774109698832035,-1.8254345790891247e-05,-0.0002348773181438668,1.1196068676406868e-05
760,0.36008753754537215,0.3775063447654247,-1.6266734085279566e-05,9.537488222122192e-05,1.0705828152884538e-05
761,0.36010458184914157,0.37765360102057455,1.704430376942012e-05,0.0001472562551498302,1.0227588723944526e-05
762,0.36005239374935627,0.3774289146065712,-5.21880997852997e-05,-0.0002246864140033611,9.761358147685911e-06
763,0.36009348988194356,0.37717034071683886,4.109613258729272e-05,-0.00025857388973232753,9.307143987398104e-06
764,0.3600355359640988,0.3776015341281891,-5.795391784474413e-05,0.00043119341135022804,8.864953611437356e-06
765,0.36004327288405463,0.37749104052782056,7.736919955814159e-06,-0.00011049360036852196,8.43479419310785e-06
766,0.36004932478747587,0.37747118771076205,6.051903421233629e-06,-1.9852817058518824e-05,8.016672710544722e-06
767,0.36005093792284076,0.3775896027684212,1.6131353648973779e-06,0.00011841505765913807,7.610595946601577e-06
768,0.36005970962684264,0.3776364713907242,8.771704001875325e-06,4.6868622303020135e-05,7.216570488739685e-06
769,0.360003728504208,0.3774933986365795,-5.598112263466293e-05,-0.000143072754144713,6.8346027289221e-06
770,0.36005331796001305,0.37754559591412545,4.95894558050769e-05,5.219727754596226e-05,6.464698863508931e-06
771,0.3600057905370539,0.3774216338992119,-4.752742295915935e-05,-0.00012396201491354786,6.106864893157509e-06
772,0.3600063170729713,0.37749532163143157,5.265359174222439e-07,7.368773221966274e-05,5.761106622724754e-06
773,0.36000093733045185,0.3774827428162098,-5.379742519462383e-06,-1.2578815221764295e-05,5.427429661173088e-06
774,0.3599685751409693,0.3776104860007763,-3.2362189482548764e-05,0.0001277431845664867,5.105839421479374e-06
775,0.35996470312503254,0.3776379369199276,-3.872015936767781e-06,2.745091915129505e-05,4.796341120547417e-06
776,0.35995334454558114,0.37753245085477827,-1.1358579451392625e-05,-0.00010548606514931835,4.498939779122678e-06
777,0.3599630123512311,0.37752394676208495,9.667805649982153e-06,-8.504092693317755e-06,4.2136402217115796e-06
778,0.3599481972950426,0.37746031284332277,-1.4815056188499653e-05,-6.363391876218483e-05,3.940447076502534e-06
779,0.3599749219349839,0.37744342237710954,2.6724639941300143e-05,-1.689046621322632e-05,3.679364775291705e-06
780,0.3599510612812909,0.3777019612491131,-2.386065369303081e-05,0.0002585388720035553,3.430397553410142e-06
781,0.3599390830336647,0.3774264074862003,-1.1978247626220906e-05,-0.00027555376291277245,3.1935494496558205e-06
782,0.3599466548555277,0.37756853699684145,7.57182186300609e-06,0.00014212951064113133,2.9688243062279088e-06
783,0.3599272273819555,0.3776912458240986,-1.9427473572197762e-05,0.00012270882725712307,2.7562257686643066e-06
784,0.35992782325907186,0.37753694504499435,5.95877116371657e-07,-0.00015430077910422169,2.555757285782522e-06
785,0.35991183888505807,0.3775752268731594,-1.5984374013788827e-05,3.8281828165065424e-05,2.367422109623926e-06
786,0.359890740618787,0.3773894064128399,-2.109826627105793e-05,-0.00018582046031950794,2.1912232954009665e-06
787,0.3599052983759479,0.3775780491530895,1.4557757160915674e-05,0.00018864274024960048,2.027163701447205e-06
788,0.35991506693376735,0.37755502462387086,9.768557819422874e-06,-2.30245292186515e-05,1.875245989171429e-06
789,0.35990253395654936,0.3776574365794659,-1.2532977217982744e-05,0.00010241195559501648,1.7354726230145102e-06
790,0.35988737761297007,0.3776212953031063,-1.5156343579292297e-05,-3.614127635959141e-05,1.607845870408769e-06
791,0.3599547664211555,0.3775422893464565,6.738880818540904e-05,-7.900595664978027e-05,1.4923678017419423e-06
792,0.3598919917236675,0.37754167765378954,-6.277469748799946e-05,-6.116926669630374e-07,1.3890402903232523e-06
793,0.3598959142003547,0.3778369538486004,3.922476687234777e-06,0.0002952761948108451,1.297865012352933e-06
794,0.3599283423444087,0.3775427579879761,3.2428144053964214e-05,-0.00029419586062429115,1.2188434468954558e-06
795,0.3598595032976432,0.3776704534888268,-6.883904676546759e-05,0.0001276955008506775,1.151976875854873e-06
796,0.35986878849904647,0.3776058003306389,9.285201403252952e-06,-6.465315818787731e-05,1.0972663839547084e-06
797,0.3598671229556203,0.37750234380364417,-1.6655434261769742e-06,-0.0001034565269947274,1.0547128587197939e-06
798,0.3598908945410089,0.37774424254894257,2.377158538863222e-05,0.00024189874529839672,1.0243169904623047e-06
799,0.3598467835479162,0.37757717072963715,-4.4110993092705275e-05,-0.00016707181930541992,1.0060792722703513e-06
800,0.3598957517268983,0.37764948308467866,4.8968178982089494e-05,7.231235504151501e-05,1e-06
